<?xml version="1.0" encoding="UTF-8"?>
<hibernate-configuration>
    <session-factory>
        <!-- Database connection settings -->
        <property name="connection.driver_class">com.mysql.jdbc.Driver</property>
        <!-- Ubicación de la B.D. -->
        <property name="connection.url">jdbc:mysql://localhost:3306/test_bd</property>
        <!-- Usuario de la B.D. -->
        <property name="connection.username">root</property>
        <!-- Contraseña de la B.D. -->
        <property name="connection.password"></property>

        <!-- Dialecto SQL -->
        <property name="dialect">org.hibernate.dialect.MySQLDialect</property>

        <!-- Mostrar en consola operaciones SQL -->
        <property name="show_sql">true</property>
         
        <!-- Use mapping basado en XML-->	
<!--         <mapping resource="com/novellius/domain/Tramite.hbm.xml"/> -->
        
        <!-- Usar mapping en base a anotaciones-->
        <mapping class="com.novellius.domain.Tramite" />
        <mapping class="com.novellius.domain.Avaluo" />
        <mapping class="com.novellius.domain.DiarioCliente" />
        
    </session-factory>
</hibernate-configuration>